PC_2014,PC_2015
A0H1K0,A0H1M0
A2A1B9,A2A0B6
A2A1C0,A2A0B6
A2A1C8,A2A0B6
A2A1H2,A2A0B6
A2A1H5,A2A0B6
A2A1K0,A2A0B6
A2A1W8,A2A0B6
A2A2E0,A2A0B6
A2A2J5,A2A0B6
A2A2J6,A2A0B6
A2A2N4,A2A0B6
A2A2N5,A2A0B6
A2A2R1,A2A0B6
A2A2R4,A2A0B6
A2A2R5,A2A0B6
A2A2T8,A2A0B6
A0H1C1,A2A0B4
A2B2J2,A2B0A9
A0G1S1,A0G1C0
A0J1C0,A0J0A4
A1V2X2,A1V2P5
A1V2W3,A1V2T7
A1V1C4,A1V2V4
A1V1K0,A1V2V4
A1V1T9,A1V2V4
A1V1W9,A1V2V4
A1V2C9,A1V2V4
A1V2K6,A1V2V4
A1V2L2,A1V2V4
A1V2L5,A1V2V4
A1V2M1,A1V2V4
A1V2N7,A1V2V4
A1V2N8,A1V2V4
A1V2P9,A1V2V4
A1V2R8,A1V2V4
A1V2S2,A1V2V4
A0H1X0,A0H1H0
A0H2H0,A0H1H0
A0N1L0,A0H0C2
A0N2A0,A0H0C2
A0B3P0,A0B2S0
A0A1T0,A0A0A2
A0A2A0,A0A0A2
A0A2C0,A0A0A2
A0A2E0,A0A0A2
A0A2J0,A0A0A2
A0A2K0,A0A0A2
A0A2R1,A0A0A2
A0A2R2,A0A0A2
A0A2R3,A0A0A2
A0A2T0,A0A0A2
A0A2Y0,A0A0A2
A0A3K0,A0A0A2
A0A3T0,A0A0A2
A0A3Y0,A0A0A2
A0A3Z0,A0A0A2
A0A4C0,A0A0A2
A0B2K0,A0B0E1
A0B2X0,A0B0E1
A0B3G0,A0B0E1
A0B3N0,A0B0E1
A0B3R0,A0B0E1
A1M1B4,A1M3P9
A1M1L4,A1M3P9
A1M1M1,A1M3P9
A1M1N7,A1M3P9
A1M1S3,A1M3P9
A1M1W6,A1M3P9
A1M1Y8,A1M3P9
A1L3G8,A1L3H5
A1L3H3,A1L3H5
A1M3R9,A1M3C1
A1M3S1,A1M3C1
A1M3S2,A1M3C1
A1M3S3,A1M3C1
A1L1C1,A1L3L9
A1N3E4,A1N3B7
A1N0B9,A1N3J5
A1N4M6,A1N4N6
A1N4T1,A1N4S5
A1X4C4,A1X4C2
A1X1A1,A1X4C6
A1X1A2,A1X4C6
A1X1A3,A1X4C6
A1X1A4,A1X4C6
A1X1A5,A1X4C6
A1X1A6,A1X4C6
A1X1A7,A1X4C6
A1X1A8,A1X4C6
A1X1A9,A1X4C6
A1X1B1,A1X4C6
A1X1B2,A1X4C6
A1X1B3,A1X4C6
A1X1B4,A1X4C6
A1X1B5,A1X4C6
A1X1B6,A1X4C6
A1X1B7,A1X4C6
A1X1B8,A1X4C6
A1X1B9,A1X4C6
A1X1C1,A1X4C6
A1X1C2,A1X4C6
A1X1C3,A1X4C6
A1X1C4,A1X4C6
A1X1C5,A1X4C6
A1X1C6,A1X4C6
A1X1C7,A1X4C6
A1X1C8,A1X4C6
A1X1C9,A1X4C6
A1X1E1,A1X4C6
A1X1E2,A1X4C6
A1X1E3,A1X4C6
A1X1E4,A1X4C6
A1X1E5,A1X4C6
A1X1E6,A1X4C6
A1X1E7,A1X4C6
A1X1E8,A1X4C6
A1X1E9,A1X4C6
A1X1G1,A1X4C6
A1X1G2,A1X4C6
A1X1G3,A1X4C6
A1X1G4,A1X4C6
A1X1G5,A1X4C6
A1X1G6,A1X4C6
A1X1G7,A1X4C6
A1X1G8,A1X4C6
A1X1G9,A1X4C6
A1X1H1,A1X4C6
A1X1H2,A1X4C6
A1X1H3,A1X4C6
A1X1H4,A1X4C6
A1X1H5,A1X4C6
A1X4G9,A1X4B2
A1Y0A4,A1Y1A5
A1Y0A2,A1Y1A5
A1Y0A5,A1Y1A5
A1Y0A1,A1Y1A5
A1Y0A3,A1Y1A5
A1S1A0,A1S1L3
A1C4T7,A1C0B4
A1E1B2,A1C0B4
A1C4T3,A1C1C9
A1C6G6,A1C1C9
A1E2P9,A1E1B1
A1E4M7,A1E1B1
A1E0A8,A1E1C3
A1G1J6,A1G1V2
A1A5L9,A1A1B7
A1C1A0,A1C5H2
A1C1C0,A1C5H2
A1C1L4,A1C5H2
A1C1L5,A1C5H2
A1C1V0,A1C5H2
A1C1W3,A1C5H2
A1C1W4,A1C5H2
A1C1W5,A1C5H2
A1C1W7,A1C5H2
A1C1X7,A1C5H2
A1C3J6,A1C5H2
A1C3J7,A1C5H2
A1C4B8,A1C5H2
A1C4E8,A1C5H2
A1C4J9,A1C5H2
A1C4T4,A1C5H2
A1C4T9,A1C5H2
A1C4V1,A1C5H2
A1C4X5,A1C5H2
A1C4Y3,A1C5H2
A1C4Y5,A1C5H2
A1C4Y6,A1C5H2
A1C5H3,A1C5H2
A1C5H7,A1C5H2
A1C5H8,A1C5H2
A1C5H9,A1C5H2
A1C5J6,A1C5H2
A1C5J8,A1C5H2
A1C5K1,A1C5H2
A1C5K2,A1C5H2
A1C5K3,A1C5H2
A1C5K5,A1C5H2
A1C5K9,A1C5H2
A1C5L5,A1C5H2
A1C5L6,A1C5H2
A1C5L8,A1C5H2
A1C5L9,A1C5H2
A1C5M1,A1C5H2
A1C5M4,A1C5H2
A1C5M6,A1C5H2
A1C5N1,A1C5H2
A1C5N3,A1C5H2
A1C5N4,A1C5H2
A1C5N6,A1C5H2
A1C5N7,A1C5H2
A1C5P1,A1C5H2
A1C5P2,A1C5H2
A1C5P4,A1C5H2
A1C5P8,A1C5H2
A1C5R5,A1C5H2
A1C5R8,A1C5H2
A1C5R9,A1C5H2
A1C5S1,A1C5H2
A1C5S3,A1C5H2
A1C5S5,A1C5H2
A1C5S6,A1C5H2
A1C5S9,A1C5H2
A1C5T1,A1C5H2
A1C5T3,A1C5H2
A1C5T4,A1C5H2
A1C5T5,A1C5H2
A1C5T7,A1C5H2
A1C5T8,A1C5H2
A1C5V2,A1C5H2
A1C5V8,A1C5H2
A1C5V9,A1C5H2
A1C5W3,A1C5H2
A1C5W6,A1C5H2
A1C5W9,A1C5H2
A1C5X2,A1C5H2
A1C5X6,A1C5H2
A1C5X9,A1C5H2
A1C5Y1,A1C5H2
A1C5Y2,A1C5H2
A1C5Y3,A1C5H2
A1C5Y5,A1C5H2
A1C5Y6,A1C5H2
A1C5Y7,A1C5H2
A1C5Y9,A1C5H2
A1C5Z3,A1C5H2
A1C5Z4,A1C5H2
A1C5Z5,A1C5H2
A1C5Z7,A1C5H2
A1C5Z8,A1C5H2
A1C6A1,A1C5H2
A1C6A3,A1C5H2
A1C6A5,A1C5H2
A1C6A6,A1C5H2
A1C6A7,A1C5H2
A1C6B6,A1C5H2
A1C6C1,A1C5H2
A1C6C2,A1C5H2
A1C6C3,A1C5H2
A1C6C4,A1C5H2
A1C6C8,A1C5H2
A1C6G3,A1C5H2
A1C6G5,A1C5H2
A1C6G7,A1C5H2
A1C6G9,A1C5H2
A1C6H2,A1C5H2
A1C6H3,A1C5H2
A1C6J3,A1C5H2
A1C6K6,A1C5H2
A1C6K7,A1C5H2
A1C6L1,A1C5H2
A1C6L2,A1C5H2
A1C6L4,A1C5H2
A1C6L5,A1C5H2
A1C6N2,A1C5H2
A1G1T2,A1G1R8
A1E4R3,A1E5K6
A1E5B2,A1E5N6
A1E5B3,A1E5N6
A1E5B5,A1E5M1
A1E5B4,A1E5M6
A1E4M6,A1E3N4
A1E5A2,A1E4V1
A1E5A3,A1E4V1
A1C5Z1,A1C4V6
A1C1T5,A1C1P3
A1C3Y6,A1C1P9
A1C1H2,A1C1A8
A1C1M1,A1C1B5
A1C4H5,A1C1C1
A1C1M5,A1C1C1
A1C4K3,A1C1C2
A1C4J6,A1C1C3
A1C4J7,A1C1C3
A1C1M6,A1C1C3
A1C3R4,A1C1G5
A1C1R4,A1C1H1
A1C4A2,A1C1H1
A1C0A1,A1C6J4
A1C6J8,A1C2A8
A1C5T9,A1C4C8
A1C2V4,A1C6N8
A1C3L1,A1C1A1
A1C3R2,A1C1A4
A1C1K5,A1C1E5
A1C3P3,A1C1G2
A1C6G1,A1C1G4
A1B3A2,A1B2W9
A1C3T8,A1C2C9
A1A0N8,A1A1R5
A1A1P2,A1A1S6
A1A1P3,A1A1S6
A1A1P4,A1A1S4
A1A1P6,A1A1S4
A1A1N4,A1A1N3
A1A1R2,A1A1R6
A1A3V8,A1A4E6
A1A4J1,A1A4M7
A1A4J2,A1A4M7
A1A4J5,A1A4M7
A1A4M5,A1A4M7
A1A4M9,A1A4M7
A1A4J3,A1A4M8
A1A4J4,A1A4M8
A1A4M4,A1A4M8
A1B0B5,A1B4L4
A1B1E0,A1B4L4
A1B1G9,A1B4L4
A1B1T0,A1B4L4
A1B1W0,A1B4L4
A1B2W0,A1B4L4
A1B2X0,A1B4L4
A1B3M8,A1B4L4
A1B3N6,A1B4L4
A1B3P1,A1B4L4
A1B3R0,A1B4L4
A1B3S1,A1B4L4
A1B3S9,A1B4L4
A1B3T6,A1B4L4
A1B3T9,A1B4L4
A1B3V2,A1B4L4
A1B3V3,A1B4L4
A1B3X1,A1B4L4
A1B4A1,A1B4L4
A1B4A2,A1B4L4
A1B4B9,A1B4L4
A1B4C9,A1B4L4
A1B4E2,A1B4L4
A1B4G9,A1B4L4
A1B4K2,A1B4L4
A1B4L7,A1B4L4
A1B4P6,A1B4L4
A1B4R6,A1B4L4
A1B4T2,A1B4L4
A1A5M8,A1A0M8
A1B0A1,A1B5C7
A1B0A7,A1B0E6
A1A0E9,A1A3J3
A1A5G7,A1A2M7
A1A4K7,A1A3E5
A1A4L8,A1A4N9
A1A0C8,A1A0M7
A1A5G4,A1A6B9
A1L1A0,A1L2Z5
A1L1C4,A1L2Z5
A1L1C5,A1L2Z5
A1L1C6,A1L2Z5
A1L1C7,A1L2Z5
A1L1C8,A1L2Z5
A1L1C9,A1L2Z5
A1L1E1,A1L2Z5
A1L1E2,A1L2Z5
A1L1E3,A1L2Z5
A1L2N7,A1L2Z5
A1L1C2,A1L2S3
A1N4L5,A1N1G7
A1N1G0,A1N1Z3
A1N2W5,A1N1Z3
A1N2Y1,A1N1Z3
A1N2Z9,A1N1Z3
A1N3J0,A1N1Z3
A1N3J4,A1N1Z3
A1N3L5,A1N1Z3
A1N3L8,A1N1Z3
A1N3L9,A1N1Z3
A1N3M1,A1N1Z3
A1N3M2,A1N1Z3
A1N3M3,A1N1Z3
A1N3M4,A1N1Z3
A1N3M5,A1N1Z3
A1N3M6,A1N1Z3
A1N3M7,A1N1Z3
A1N3M8,A1N1Z3
A1N3M9,A1N1Z3
A1N3N1,A1N1Z3
A1N3N2,A1N1Z3
A1N3N8,A1N1Z3
A1N3N9,A1N1Z3
A1N3P1,A1N1Z3
A1N3P2,A1N1Z3
A1N3P5,A1N1Z3
A1N3P7,A1N1Z3
A1N3P8,A1N1Z3
A1N3P9,A1N1Z3
A1N3R1,A1N1Z3
A1N3R2,A1N1Z3
A1N3R3,A1N1Z3
A1N3R4,A1N1Z3
A1N3R5,A1N1Z3
A1N3R6,A1N1Z3
A1N3R7,A1N1Z3
A1N3W3,A1N1Z3
A1N3W5,A1N1Z3
A1N3W6,A1N1Z3
A1N3W7,A1N1Z3
A1N3X1,A1N1Z3
A1N3X2,A1N1Z3
A1N3X5,A1N1Z3
A1N3X6,A1N1Z3
A1N4J9,A1N1Z3
A1N4K1,A1N1Z3
A1N4K2,A1N1Z3
A1N4L4,A1N1Z3
A1N4Y2,A1N1Z3
A1N4Y3,A1N1Z3
A1N5A3,A1N1Z3
A1N5C8,A1N1Z3
A1N5C9,A1N1Z3
A1N3N5,A1N1A9
A1N1A2,A1N1J2
A1N4T6,A1N4T5
A1N5C7,A1N5B1
A0A2V0,A1X6J5
A1W1A1,A1W4S4
A1W1A2,A1W4S4
A1W1A3,A1W4S4
A1W1A4,A1W4S4
A1W1A5,A1W4S4
A1W1A6,A1W4S4
A1W1A7,A1W4S4
A1W1A8,A1W4S4
A1W1A9,A1W4S4
A1W1B1,A1W4S4
A1W1B2,A1W4S4
A1W1B3,A1W4S4
A1W1B4,A1W4S4
A1W1B5,A1W4S4
A1W1B6,A1W4S4
A1W1B7,A1W4S4
A1W1B8,A1W4S4
A1W1B9,A1W4S4
A1W1C1,A1W4S4
A1W1C2,A1W4S4
A1W1C3,A1W4S4
A1W1C4,A1W4S4
A1W1C5,A1W4S4
A1W1C6,A1W4S4
A1W1C7,A1W4S4
A1W1C8,A1W4S4
A1W1C9,A1W4S4
A1W1E1,A1W4S4
A1W1E2,A1W4S4
A1W1E3,A1W4S4
A1W1E4,A1W4S4
A1W1E5,A1W4S4
A1W1E6,A1W4S4
A1W1E7,A1W4S4
A1W1E8,A1W4S4
A1W1E9,A1W4S4
A1W1G1,A1W4S4
A1W1G2,A1W4S4
A1W1G3,A1W4S4
A1W1G4,A1W4S4
A1W1G5,A1W4S4
A1W1G6,A1W4S4
A1W1G7,A1W4S4
A1W1G8,A1W4S4
A1W1G9,A1W4S4
A1W1H1,A1W4S4
A1W1H2,A1W4S4
A1W1H3,A1W4S4
A1W1H4,A1W4S4
A1W1H5,A1W4S4
A1W1H6,A1W4S4
A1W1H7,A1W4S4
A1W1H8,A1W4S4
A1W1H9,A1W4S4
A1W1J1,A1W4S4
A1W1J2,A1W4S4
A1W1J3,A1W4S4
A1W1J4,A1W4S4
A1W1J5,A1W4S4
A1W1J6,A1W4S4
A1W1J7,A1W4S4
A1W1J8,A1W4S4
A1W1J9,A1W4S4
A1W1K1,A1W4S4
A1W1K2,A1W4S4
A1W1K3,A1W4S4
A1W1K4,A1W4S4
A1W1K5,A1W4S4
A1W1K6,A1W4S4
A1W1K7,A1W4S4
A1W1K8,A1W4S4
A1W1K9,A1W4S4
A1W1L1,A1W4S4
A1W1L2,A1W4S4
A1W1L3,A1W4S4
A1W1L4,A1W4S4
A1W1L5,A1W4S4
A1W1L6,A1W4S4
A1W1L7,A1W4S4
A1W1L8,A1W4S4
A1W1L9,A1W4S4
A1W1M1,A1W4S4
A1W1M2,A1W4S4
A1W1M3,A1W4S4
A1W1M4,A1W4S4
A1W1M5,A1W4S4
A1W1M6,A1W4S4
A1W1M7,A1W4S4
A1W1M8,A1W4S4
A1W1M9,A1W4S4
A1W1N1,A1W4S4
A1W1N2,A1W4S4
A1W1N3,A1W4S4
A1W1N4,A1W4S4
A1W1N5,A1W4S4
A1W1N6,A1W4S4
A1E6B6,A1E1A3
A1E2R3,A1E2R1
A1E2R4,A1E2R1
A1C5B1,A1C1K2
A1E1G7,A1E0E4
A1E5A6,A1E5E6
A1E4X5,A1E4W1
A1G1S2,A1G1K1
A1G1S5,A1G1K1
A1G1S6,A1G1K1
A1G1T3,A1G1A8
A1E4R1,A1E4P8
A1G1W9,A1G1W2
A1G1W5,A1G1V9
A1G1W1,A1G1N6
A1G1W6,A1G1W7
A1G1C9,A1G1C6
A1G1A0,A1G1B2
A1G1N4,A1G1B2
A1G1P4,A1G1B2
A1G1V3,A1G1B2
A1G1V5,A1G1B2
A1N3L3,A1E4R6
A1E5B7,A1E5G3
A1E5B6,A1E5G4
A1E0A6,A1E0A1
A1E5B9,A1E0A1
A1E6B7,A1E0E3
A1E1B4,A1E3M4
A1E1C0,A1E3M4
A1E1E0,A1E3M4
A1E1H2,A1E3M4
A1E2C0,A1E3M4
A1E2E6,A1E3M4
A1E2R7,A1E3M4
A1E2R9,A1E3M4
A1E3Y1,A1E3M4
A1E3Y2,A1E3M4
A1E4N0,A1E3M4
A1E4V2,A1E3M4
A1E4V5,A1E3M4
A1E4W9,A1E3M4
A1E4X1,A1E3M4
A1E5A4,A1E3M4
A1E5A7,A1E3M4
A1E5A8,A1E3M4
A1E5A9,A1E3M4
A1E5B8,A1E3M4
A1E5T9,A1E3M4
A1E5V1,A1E3M4
A1E6J2,A1E6B3
A1E0A7,A1E6B3
A1E4L9,A1E4E7
A1B4C6,A1B4T1
A1E6A7,A1B4E4
A1B1A7,A1B4E4
A1E4N6,A1E4T6
A1E6H4,A1E6C5
A1E6J9,A1E4P1
A1E4J9,A1E4Y9
A1E5W3,A1E5W4
A1E1V8,A1C2M4
A1C4X8,A1C4X6
A1C4M1,A1C6M1
A1C4Y2,A1C1W8
A1C4Y4,A1C1W8
A1C1L9,A1C6H1
A1C4G1,A1C6H1
A1C1C8,A1C6J5
A1C4J8,A1C6N6
A1C4H3,A1C6N6
A1C1C5,A1C6N6
A1C3S2,A1C1A5
A1B0A3,A1B1Z1
A1C6H7,A1C1V7
A1C5J7,A1C2G2
A1C6P1,A1C2G2
A1C6L9,A1C4T2
A1B4E6,A1B1G4
A1C6N9,A1C2R5
A1C3Y1,A1C3W9
A1C3A6,A1C3A1
A1C1A2,A1C0A7
A1B3Z8,A1C3G2
A1B4J1,A1B1T1
A1C3Y8,A1C2R9
A1C3Z4,A1C2R9
A1A1H6,A1C3E5
A1C3J8,A1C6H5
A1A2C6,A1A1W6
A1A3B6,A1A4H7
A1A0M2,A1A1J5
A1A1P9,A1A4C5
A1A1S8,A1A1P7
A1A1N8,A1A1N6
A1A1K4,A1A0H7
A1A1N5,A1A0N7
A1A1N9,A1A0N9
A1A1N1,A1A0N9
A1A1S2,A1A0E8
A1A3Z8,A1A5A2
A1A4P9,A1A4G2
A1A3Y5,A1A4K1
A1A3Y3,A1A3X7
A1B2Y5,A1B2Y4
A1B4M2,A1A5V6
A1B5G7,A1B5G5
A1B4T3,A1B0G3
A1A4H1,A1A4S8
A1A4H2,A1A4N3
A1A4H4,A1A4N3
A1A1T1,A1A3E1
A1A5L3,A1A5A8
A1A4L9,A1A4P4
A1A4H3,A1A4N2
A1A4K3,A1A4P2
A1A4K9,A1A4R9
A1A4L2,A1A4R9
A1K1E2,A1K0J1
A1K1E3,A1K0J1
A1K1E4,A1K0J1
A1K1M3,A1K0J1
A0E1J0,A0E2J0
A1C1J6,A1C0B7
A1A5E6,A1A1A4
A1A1G6,A1A1G5
A1G0A3,A1G1V1
A1E4V4,A1E4R9
A1E4T5,A1E2C2
A1E2C1,A1E2Y1
A1E2R2,A1E2Z5
A1C1R3,A1C1H3
A1C6M8,A1C6M9
A1G1T1,A1B1A9
A1B4G5,A1B2R1
A1B4G6,A1B2R1
A1B4H2,A1B2R1
A1B4H4,A1B2R1
A1B5E8,A1B2H5
A1A2H2,A1A2J5
A1A1N2,A1A4C3
A1A1W0,A1A4C3
A1A1X0,A1A4C3
A1A2H0,A1A4C3
A1A2M0,A1A4C3
A1A2X2,A1A4C3
A1A2X3,A1A4C3
A1A2X4,A1A4C3
A1A2X5,A1A4C3
A1A2X6,A1A4C3
A1A2X7,A1A4C3
A1A2X8,A1A4C3
A1A2X9,A1A4C3
A1A2Y3,A1A4C3
A1A2Y4,A1A4C3
A1A3E6,A1A4C3
A1A3S7,A1A4C3
A1A3T4,A1A4C3
A1A3T6,A1A4C3
A1A3T8,A1A4C3
A1A3T9,A1A4C3
A1A3W3,A1A4C3
A1A3X8,A1A4C3
A1A4E5,A1A4C3
A1A4G6,A1A4C3
A1A4H5,A1A4C3
A1A4H8,A1A4C3
A1A4J6,A1A4C3
A1A4J7,A1A4C3
A1A4J8,A1A4C3
A1A4K2,A1A4C3
A1A4K5,A1A4C3
A1A4K6,A1A4C3
A1A4L1,A1A4C3
A1A4L4,A1A4C3
A1A4L5,A1A4C3
A1A4M1,A1A4C3
A1A5B3,A1A4C3
A1A5C8,A1A4C3
A1B0L5,A1B3R5
A1B0A9,A1B0A4
A1B0G2,A1B0R1
A1A5E1,A1B3T3
A1B4K4,A1B3T3
A1B3N1,A1B3T3
A1B4P9,A1B3T3
A1B4B5,A1B3T3
A1B4K5,A1B3T3
A1B3P4,A1B3T3
A1B3N3,A1B3T3
A1N4M7,A1B3T3
A1B4M1,A1B3P7
A1A4K4,A1A3C4
A1A3T2,A1A0P3
A1A4K8,A1A3C3
A0C1C0,A0C1A0
A0C1X0,A0C1A0
A0C2L0,A0C1A0
A5A1A6,A5A4P5
A5A4M2,A5A4P5
A0K2T0,A0K0G1
A2V1K8,A2V1W7
A2V1L0,A2V1W7
A2V1L2,A2V1W7
A2V2K8,A2V1W7
A2V2L1,A2V1W7
A2V2L4,A2V1W7
A2V2L5,A2V1W7
A2V2L7,A2V1W7
A2V2V1,A2V1W7
A2V3B6,A2V1W7
A2V3B8,A2V1W7
A2V3B9,A2V1W7
A2V3C4,A2V1W7
A2V3C5,A2V1W7
A2V3G2,A2V1W7
A2V3G7,A2V1W7
A2V3G8,A2V1W7
A2V3G9,A2V1W7
A2V3H1,A2V1W7
A2V3H4,A2V1W7
A2V3H5,A2V1W7
A2V3K2,A2V1W7
A2V3K3,A2V1W7
A2V3N1,A2V1W7
A2V3N2,A2V1W7
A2V3N4,A2V1W7
A2V3N6,A2V1W7
A2V3N7,A2V1W7
A2V3P1,A2V1W7
A2V3P3,A2V1W7
A2V3P4,A2V1W7
A2V0C3,A2V1V6
A2V0C2,A2V1V6
A2V2X6,A2V2W4
A0K1E0,A0K3Y0
A0K1G0,A0K3Y0
A0K2E0,A0K3Y0
A0K2K0,A0K3Y0
A0K2L0,A0K3Y0
A0K2R0,A0K3Y0
A0K2S0,A0K3Y0
A0K2Z0,A0K3Y0
A0K3C0,A0K3Y0
A0K3G0,A0K3Y0
A0K3J0,A0K3Y0
A0K3W0,A0K3Y0
A0K4J1,A0K3Y0
A0K4X0,A0K3Y0
A0K5A0,A0K3Y0
A0K5B0,A0K3Y0
A0K5J0,A0K3Y0
A0K5L0,A0K3Y0
A0K5M0,A0K3Y0
A0K5N0,A0K3Y0
A0K5W0,A0K3Y0
A0K5Z0,A0K3Y0
A0R1B1,A0R1A0
A0R1C0,A0R1A0
A0P1B0,A0P0A1
A0P1H0,A0P0A1
A0P1R0,A0P0A1
A0P1T0,A0P0A1
A0M1A0,A0M0A3
A0M1E0,A0M0A3
A0M1H0,A0M0A3
A0M1L0,A0M0A3
A0M1M0,A0M0A3
A0M1N0,A0M0A3
A0M1G0,A0M0A4
A0L1B0,A0L1K0
A0L1B1,A0L1K0
A2H7S2,A2H0A4
A2H7S3,A2H0A4
A2N1V1,A2N1T6
A2N1T9,A2N1T6
A2N1V2,A2N1T6
A2N1T8,A2N1T6
A2N3A2,A2N1T6
A2N2P3,A2N1T6
A2N1P9,A2N2W6
A2N1N1,A2N1L2
A2N1M1,A2N1L2
A2N1J2,A2N1J3
A2N1A2,A0N0A9
A2N1B7,A0N0A9
A2N1E0,A0N0A9
A2N1E8,A0N0A9
A2N1G7,A0N0A9
A2N1G8,A0N0A9
A2N1G9,A0N0A9
A2N1H0,A0N0A9
A2N1Y4,A0N0A9
A2N2C3,A0N0A9
A2N2H2,A0N0A9
A2N2K7,A0N0A9
A2N2V9,A0N0A9
A2N2Y5,A0N0A9
A2N2Z2,A0N0A9
A2N2Z3,A0N0A9
A2N3A8,A0N0A9
A2N3B7,A0N0A9
A2N3C6,A0N0A9
A2N3C7,A0N0A9
A2N3C8,A0N0A9
A2N3C9,A0N0A9
A2N3E4,A0N0A9
A2N3E5,A0N0A9
A2N3E6,A0N0A9
A2N3E7,A0N0A9
A2N3G3,A0N0A9
A2N3G5,A0N0A9
A2N3G6,A0N0A9
A2N3H2,A0N0A9
A2N3H3,A0N0A9
A2N3J1,A0N0A9
A2N3J6,A0N0A9
A2N3J8,A0N0A9
A2N3J9,A0N0A9
A2N3K6,A0N0A9
A2N3K7,A0N0A9
A2N3M5,A0N0A9
A2H7M7,A2H3K6
A2H5A2,A2H7E5
A2H4C6,A2H4C1
A2H5E9,A2H5L9
A2H6Z7,A2H2Z1
A2H1C1,A2H2Z1
A2H2N3,A2H2M6
A2H0B1,A2H7L6
A2H1B9,A2H1C3
A2H2P1,A2H2P5
A2H7B9,A2H2T5
A2H1X1,A2H1E1
A2H1C8,A2H1E2
A2H1J4,A2H2B6
A2H1B0,A2H0B2
A2H1B6,A2H0B2
A2H1B7,A2H0B2
A2H1C7,A2H0B2
A2H1H9,A2H0B2
A2H1J1,A2H0B2
A2H1J2,A2H0B2
A2H1J5,A2H0B2
A2H1K0,A2H0B2
A2H1L9,A2H0B2
A2H1P9,A2H0B2
A2H1W5,A2H0B2
A2H1W8,A2H0B2
A2H1X4,A2H0B2
A2H1X5,A2H0B2
A2H1X7,A2H0B2
A2H1Y6,A2H0B2
A2H1Z2,A2H0B2
A2H2A4,A2H0B2
A2H2B3,A2H0B2
A2H2B4,A2H0B2
A2H2G4,A2H0B2
A2H2Y0,A2H0B2
A2H2Y9,A2H0B2
A2H3C1,A2H0B2
A2H3C3,A2H0B2
A2H3H7,A2H0B2
A2H3J0,A2H0B2
A2H3Y1,A2H0B2
A2H3Z8,A2H0B2
A2H3Z9,A2H0B2
A2H4B0,A2H0B2
A2H4B6,A2H0B2
A2H4B9,A2H0B2
A2H4C3,A2H0B2
A2H4E7,A2H0B2
A2H4E8,A2H0B2
A2H4H9,A2H0B2
A2H4J3,A2H0B2
A2H4J4,A2H0B2
A2H4N3,A2H0B2
A2H5A3,A2H0B2
A2H5C5,A2H0B2
A2H5G6,A2H0B2
A2H5L6,A2H0B2
A2H5L7,A2H0B2
A2H5N6,A2H0B2
A2H5N7,A2H0B2
A2H5N8,A2H0B2
A2H5N9,A2H0B2
A2H5P2,A2H0B2
A2H5P3,A2H0B2
A2H5P4,A2H0B2
A2H5P5,A2H0B2
A2H5P6,A2H0B2
A2H5P7,A2H0B2
A2H5V9,A2H0B2
A2H5X7,A2H0B2
A2H5X8,A2H0B2
A2H5Y3,A2H0B2
A2H5Y4,A2H0B2
A2H5Z3,A2H0B2
A2H6C1,A2H0B2
A2H6C6,A2H0B2
A2H6C8,A2H0B2
A2H6E9,A2H0B2
A2H6G3,A2H0B2
A2H6G4,A2H0B2
A2H6G8,A2H0B2
A2H6H1,A2H0B2
A2H6H2,A2H0B2
A2H6H3,A2H0B2
A2H6H8,A2H0B2
A2H6J5,A2H0B2
A2H6J9,A2H0B2
A2H6K1,A2H0B2
A2H6K2,A2H0B2
A2H6K3,A2H0B2
A2H6K4,A2H0B2
A2H6K5,A2H0B2
A2H6L6,A2H0B2
A2H6L9,A2H0B2
A2H6M2,A2H0B2
A2H6M3,A2H0B2
A2H6M4,A2H0B2
A2H6N4,A2H0B2
A2H6S6,A2H0B2
A2H6V7,A2H0B2
A2H6Y6,A2H0B2
A2H6Z6,A2H0B2
A2H7B1,A2H0B2
A2H7B6,A2H0B2
A2H7C6,A2H0B2
A2H7E2,A2H0B2
A2H7G7,A2H0B2
A2H7H2,A2H0B2
A2H7H3,A2H0B2
A2H7H4,A2H0B2
A2H7M2,A2H0B2
A2H7M5,A2H0B2
A2H7S4,A2H0B2
A2H7S5,A2H0B2
A2H7S7,A2H0B2
